key,text,style
a-sentence-ends-with-a-full-stop,"A sentence ends with a full stop.",
a-sentence-starts-with-a-capital-letter,"A sentence starts with a capital letter.",
book-corner,"Book corner",
books,"Books",
capital-at-the-start,"Capital at the Start",
choose-a-level,"Choose a level!",
closed,"Closed",
danger,"Danger",
entrance,"Entrance",
exit,"Exit",
great-job,"Great job!",
hooray,"Hooray!",
level-five-a-sentence-ends-with-a-full-stop,"Level five! A sentence ends with a full stop.",
level-four-a-sentence-starts-with-a-capital-letter,"Level four! A sentence starts with a capital letter.",
level-one-signs-start-with-a-capital-letter-signs-don-t-have-a-full-stop-at-the-end,"Level one! Signs start with a capital letter. Signs don't have a full stop at the end.",
level-six-signs-start-with-a-capital-letter-and-have-no-full-stop-sentences-start-with-a-capital-letter-and-end-with-a-full-stop,"Level six! Signs start with a capital letter and have no full stop. Sentences start with a capital letter and end with a full stop.",
level-three-more-signs,"Level three! More signs!",
level-two-signs-from-your-book,"Level two! Signs from your book!",
listen-carefully,"Listen carefully.",
listen,"Listen.",
oops-try-again,"Oops! Try again.",
open,"Open",
push,"Push",
signs-start-with-a-capital-letter,"Signs start with a capital letter.",
slow,"Slow",
staff-only,"Staff only",
stop,"Stop",
super,"Super!",
tap-a-letter-or-drag-it-into-the-gap,"Tap a letter, or drag it into the gap.",
tap-here-to-hear-it-again,"Tap here to hear it again.",
this-sign-says,"This sign says",
this-sign-says-book-corner,"This sign says Book corner",
this-sign-says-books,"This sign says Books",
this-sign-says-closed,"This sign says Closed",
this-sign-says-danger,"This sign says Danger",
this-sign-says-entrance,"This sign says Entrance",
this-sign-says-exit,"This sign says Exit",
this-sign-says-open,"This sign says Open",
this-sign-says-push,"This sign says Push",
this-sign-says-slow,"This sign says Slow",
this-sign-says-staff-only,"This sign says Staff only",
this-sign-says-stop,"This sign says Stop",
this-sign-says-toys,"This sign says Toys",
this-sign-says-wash-your-hands,"This sign says Wash your hands",
toys,"Toys",
wash-your-hands,"Wash your hands",
we-have-five-senses,"We have five senses.",
we-hear-with-our-ears,"We hear with our ears.",
we-see-light-and-colour,"We see light and colour.",
we-see-things-with-our-eyes,"We see things with our eyes.",
we-smell-with-our-nose,"We smell with our nose.",
we-taste-with-our-tongue,"We taste with our tongue.",
we-touch-and-feel-things-with-our-hands,"We touch and feel things with our hands.",
well-done,"Well done!",
what-goes-at-the-end-of-the-sentence,"What goes at the end of the sentence?",
which-letter-goes-in-the-gap,"Which letter goes in the gap?",
which-letter-is-missing,"Which letter is missing?",
which-letter-starts-the-sentence,"Which letter starts the sentence?",
which-letter-starts-the-sign,"Which letter starts the sign?",
wow,"Wow!",
yay,"Yay!",
yay-three-stars-you-are-a-star,"Yay! Three stars! You are a star!",
you-finished-level-1,"You finished level 1!",
you-finished-level-2,"You finished level 2!",
you-finished-level-3,"You finished level 3!",
you-finished-level-4,"You finished level 4!",
you-finished-level-5,"You finished level 5!",
you-finished-level-6,"You finished level 6!",
you-got-it,"You got it!",
